[{"SKU":"FX90","Name":"Ciprofloxacin hydrochloride, 0.3% ophthalmic solution, 5mL bottle","Category":"Drugs_Ophthalmic","Vendor":"","Vendor Code":null},
{"SKU":"TQ52","Name":"Canister, Suction, 3000mL","Category":"MedEquip&Supplies_Suction_Vacuum_Drainage","Vendor":"McKesson","Vendor Code":274612},
{"SKU":"YK32","Name":"Catheter, Foley, 3-way, 30cc balloon, 24Fr, sterile","Category":"MedEquip&Supplies_Urological","Vendor":"McKesson","Vendor Code":712227},
{"SKU":"ZK39","Name":"Label, Nourimanba","Category":"Facilities_Office_Equip_&_Supplies","Vendor":"","Vendor Code":null},
{"SKU":"UY65","Name":"Albuterol Sulfate Inhalation Solution 0.083% 3mL vials","Category":"Drugs_Respiratory_&_Antihistamine","Vendor":"","Vendor Code":null},
{"SKU":"KQ06","Name":"Premix, Vitamin and mineral, 'CMV'","Category":"Drugs_Nutrition","Vendor":"Fortitech","Vendor Code":Fortitech},
{"SKU":"YN83","Name":"Mask, Surgical","Category":"MedEquip&Supplies_Surgical","Vendor":"McKesson Medical","Vendor Code":188696},
{"SKU":"RB70","Name":"Pad, Alcohol prep","Category":"MedEquip&Supplies_Skin_Prep","Vendor":"McKesson Medical","Vendor Code":191089},
{"SKU":"MB37","Name":"Drainage Unit, Single chamber, Self-sealing sample ports, Sterile, 2500mL","Category":"MedEquip&Supplies_Wound_Drains","Vendor":"McKesson Medical","Vendor Code":409243},
{"SKU":"RH95","Name":"Airway, Oropharyngeal, Guedel, Nonsterile, Single-use, 80mm, Size 8","Category":"MedEquip&Supplies_Respiratory_Resuscitation_&_Intubation","Vendor":"McKesson Medical","Vendor Code":485076},
{"SKU":"KH42","Name":"Airway, Oropharyngeal, Guedel, Nonsterile, Single-use, 70mm, Size 7","Category":"MedEquip&Supplies_Respiratory_Resuscitation_&_Intubation","Vendor":"McKesson Medical","Vendor Code":485075},
{"SKU":"DK92","Name":"Sterilization pouch, Self seal, 5.25in x 10in","Category":"MedEquip&Supplies_Sterilization","Vendor":"McKesson Medical","Vendor Code":709919},
{"SKU":"PR83","Name":"Sterilization pouch, Self seal, 7.5in x 13in","Category":"MedEquip&Supplies_Sterilization","Vendor":"McKesson Medical","Vendor Code":960945},
{"SKU":"KS23","Name":"Ultrasound paper (10 rolls/box)","Category":"MedEquip&Supplies_Diagnostic_Imaging","Vendor":"","Vendor Code":null}]